Datetime,Water Level (m)
2025-08-23 00:00:00,0.07659175
2025-08-23 01:00:00,-0.18502046
2025-08-23 02:00:00,-0.37028378
2025-08-23 03:00:00,-0.20783478
2025-08-23 04:00:00,0.16526547
2025-08-23 05:00:00,0.623004
2025-08-23 06:00:00,1.1481676
2025-08-23 07:00:00,1.4479545
2025-08-23 08:00:00,1.5864515
2025-08-23 09:00:00,1.3416917
2025-08-23 10:00:00,1.0105695
2025-08-23 11:00:00,0.6985228
2025-08-23 12:00:00,0.3843494
2025-08-23 13:00:00,0.07429322
2025-08-23 14:00:00,-0.19227584
2025-08-23 15:00:00,-0.31400582
2025-08-23 16:00:00,0.01750037
2025-08-23 17:00:00,0.4282764
2025-08-23 18:00:00,0.8816399
2025-08-23 19:00:00,1.3266842
2025-08-23 20:00:00,1.4894584
2025-08-23 21:00:00,1.2594993
2025-08-23 22:00:00,0.9487858
2025-08-23 23:00:00,0.65365046
2025-08-24 00:00:00,0.35075745
2025-08-24 01:00:00,0.052150715
2025-08-24 02:00:00,-0.21139659
2025-08-24 03:00:00,-0.35379428
2025-08-24 04:00:00,-0.041339688
2025-08-24 05:00:00,0.38540104
2025-08-24 06:00:00,0.9031927
2025-08-24 07:00:00,1.4143274
2025-08-24 08:00:00,1.651005
2025-08-24 09:00:00,1.5263044
2025-08-24 10:00:00,1.1844656
2025-08-24 11:00:00,0.8604099
2025-08-24 12:00:00,0.5561419
2025-08-24 13:00:00,0.23738517
2025-08-24 14:00:00,-0.058436286
2025-08-24 15:00:00,-0.2932132
2025-08-24 16:00:00,-0.2142072
2025-08-24 17:00:00,0.19256234
2025-08-24 18:00:00,0.6518226
2025-08-24 19:00:00,1.1746708
2025-08-24 20:00:00,1.4884716
2025-08-24 21:00:00,1.456157
2025-08-24 22:00:00,1.1175424
2025-08-24 23:00:00,0.80521876
2025-08-25 00:00:00,0.50905836
2025-08-25 01:00:00,0.19787824
2025-08-25 02:00:00,-0.08810958
2025-08-25 03:00:00,-0.3225957
2025-08-25 04:00:00,-0.29701334
2025-08-25 05:00:00,0.09747326
2025-08-25 06:00:00,0.5641812
2025-08-25 07:00:00,1.1237447
2025-08-25 08:00:00,1.5187491
2025-08-25 09:00:00,1.6244978
2025-08-25 10:00:00,1.320221
2025-08-25 11:00:00,0.99416107
2025-08-25 12:00:00,0.6809605
2025-08-25 13:00:00,0.36454836
2025-08-25 14:00:00,0.05388229
2025-08-25 15:00:00,-0.21724321
2025-08-25 16:00:00,-0.3672277
2025-08-25 17:00:00,-0.056194026
2025-08-25 18:00:00,0.3628255
2025-08-25 19:00:00,0.8446632
2025-08-25 20:00:00,1.331539
2025-08-25 21:00:00,1.5323658
2025-08-25 22:00:00,1.2972039
2025-08-25 23:00:00,0.9741562
2025-08-26 00:00:00,0.66888076
2025-08-26 01:00:00,0.36146393
2025-08-26 02:00:00,0.059160043
2025-08-26 03:00:00,-0.20611235
2025-08-26 04:00:00,-0.36236146
2025-08-26 05:00:00,-0.08046901
2025-08-26 06:00:00,0.3300152
2025-08-26 07:00:00,0.812147
2025-08-26 08:00:00,1.3308295
2025-08-26 09:00:00,1.5966582
2025-08-26 10:00:00,1.4574631
2025-08-26 11:00:00,1.1132472
2025-08-26 12:00:00,0.8039592
2025-08-26 13:00:00,0.4978586
2025-08-26 14:00:00,0.18406935
2025-08-26 15:00:00,-0.09902939
2025-08-26 16:00:00,-0.3156777
2025-08-26 17:00:00,-0.19721638
2025-08-26 18:00:00,0.1935602
2025-08-26 19:00:00,0.64634246
2025-08-26 20:00:00,1.1571654
2025-08-26 21:00:00,1.4767452
2025-08-26 22:00:00,1.4579905
2025-08-26 23:00:00,1.1227919
2025-08-27 00:00:00,0.81428355
2025-08-27 01:00:00,0.5242817
2025-08-27 02:00:00,0.22082633
2025-08-27 03:00:00,-0.05478724
2025-08-27 04:00:00,-0.2738504
2025-08-27 05:00:00,-0.21132076
2025-08-27 06:00:00,0.17625746
2025-08-27 07:00:00,0.6207371
2025-08-27 08:00:00,1.1260701
2025-08-27 09:00:00,1.4796138
2025-08-27 10:00:00,1.528212
2025-08-27 11:00:00,1.2067562
2025-08-27 12:00:00,0.8951267
2025-08-27 13:00:00,0.6036877
2025-08-27 14:00:00,0.29854557
2025-08-27 15:00:00,0.013154191
2025-08-27 16:00:00,-0.23027329
2025-08-27 17:00:00,-0.29782847
2025-08-27 18:00:00,0.044423483
2025-08-27 19:00:00,0.45174077
2025-08-27 20:00:00,0.8973349
2025-08-27 21:00:00,1.3370725
2025-08-27 22:00:00,1.4900959
2025-08-27 23:00:00,1.241411
2025-08-28 00:00:00,0.9395068
2025-08-28 01:00:00,0.65627885
2025-08-28 02:00:00,0.36953607
2025-08-28 03:00:00,0.08628021
2025-08-28 04:00:00,-0.14833586
2025-08-28 05:00:00,-0.24199831
2025-08-28 06:00:00,0.06566548
2025-08-28 07:00:00,0.45316646
2025-08-28 08:00:00,0.8757977
2025-08-28 09:00:00,1.2987556
2025-08-28 10:00:00,1.464551
2025-08-28 11:00:00,1.2531322
2025-08-28 12:00:00,0.9541183
2025-08-28 13:00:00,0.67435205
2025-08-28 14:00:00,0.38803446
2025-08-28 15:00:00,0.10276985
2025-08-28 16:00:00,-0.13801928
2025-08-28 17:00:00,-0.2831298
2025-08-28 18:00:00,-0.061625484
2025-08-28 19:00:00,0.29962835
2025-08-28 20:00:00,0.7113
2025-08-28 21:00:00,1.1193153
2025-08-28 22:00:00,1.4016348
2025-08-28 23:00:00,1.3412347
2025-08-29 00:00:00,1.0423762
